year,per_customer_mean
2021,233.77995045186407
2022,1554.4627560987258
2023,967.298169938166
