year,month,per_customer_mean
2021,12,233.7799504518627
2022,1,282.85142365723647
2022,2,210.06015045172902
2022,3,254.75023542855868
2022,4,403.33346995466013
2022,5,508.21371778512514
2022,6,17.19882352941176
2022,7,9.475895878787878
2022,8,7.859657333333334
2022,9,244.74536450939422
2022,10,542.7265140420747
2022,11,210.6902596021852
2022,12,373.97233705855194
2023,1,312.15469430486706
2023,2,338.85204925307823
2023,3,418.099301306195
