year,month,per_customer_mean
2021,12,233.77995045186424
2022,1,282.85142365724107
2022,2,210.06015045173376
2022,3,254.75023542855754
2022,4,403.3334699546619
2022,5,508.21371778512565
2022,6,17.19882352941177
2022,7,9.47589587878788
2022,8,7.859657333333334
2022,9,6.406368
2022,10,6.685666666666667
2022,11,170.75270370945748
2022,12,3.2216153846153848
