year,month,per_customer_mean
2022,1,282.85142365724107
2022,2,210.06015045173243
2022,3,254.75023542855962
2022,4,403.3334699546612
2022,5,508.21371778512565
2022,6,17.198823529411765
2022,7,9.47589587878788
2022,8,7.859657333333334
2022,9,6.406368
2022,10,6.685666666666667
2022,11,170.75270370945816
2022,12,3.2216153846153848
