year,per_customer_mean
2021,233.77995045186574
2022,1742.669820751886
