year,week,per_customer_mean
2021,48,48.15334399531992
2021,49,48.41528283697023
2021,50,52.51075776281092
2021,51,57.52637987849144
2021,52,58.135875132528305
