city,year,month,est_total,coverage_ratio
mumbai,2023,1,13863461.475030813,1.0
mumbai,2023,2,15414478.907032857,1.0
mumbai,2023,3,20608371.81697841,0.9032258064516129
