year,month,per_customer_mean
2023,1,312.1546943048701
2023,2,338.85204925307835
2023,3,418.09930130620205
