year,month,per_customer_mean
2022,9,251.13172561629156
2022,10,554.8176609753554
2022,11,384.6240032017222
2022,12,374.30550014945914
