year,week,per_customer_mean
2022,52,69.57506287544118
2023,1,75.79514192851907
2023,2,73.19923173348384
2023,3,68.92683309655897
2023,4,67.2239032358948
2023,5,75.39065935365034
2023,6,79.70385344718811
2023,7,89.20663541620527
2023,8,91.633735103788
2023,9,96.44473302156325
2023,10,100.53358387198836
2023,11,105.18086243096776
2023,12,87.54487441674232
2023,13,64.86802486833828
