year,per_customer_mean
2022,759.8020925336948
2023,967.298169938169
