year,month,per_customer_mean
2023,1,312.15469430486985
2023,2,338.8520492530789
2023,3,418.0993013062016
