year,week,per_customer_mean
2021,48,48.15334399531981
2021,49,48.41528283697006
2021,50,52.510757762810606
2021,51,57.52637987849136
2021,52,58.1358751325285
